header1,header2,header3
ID00001,IX0000,old
ID00002,IX0000,old
ID00002,IX0001,old
ID00002,IX0002,old
ID00003,IX0000,old
ID00004,IX0000,old
ID00004,IX0001,old
ID00005,IX0000,old
ID00006,IX0000,old
ID00006,IX0001,old
ID00007,IX0000,old
ID00008,IX0000,old
ID00008,IX0001,old
ID00008,IX0002,old
ID00009,IX0000,old
ID00009,IX0001,old
ID000010,IX0000,old
ID000011,IX0000,old
ID000011,IX0001,old
ID000011,IX0002,old
ID000012,IX0000,old
ID000012,IX0001,old
ID000012,IX0002,old
ID000013,IX0000,old
ID000013,IX0001,old
ID000013,IX0002,old
ID000014,IX0000,old
ID000014,IX0001,old
ID000014,IX0002,old
ID000015,IX0000,old
ID000015,IX0001,old
ID000015,IX0002,old
ID000016,IX0000,old
ID000016,IX0001,old
ID000016,IX0002,old
ID000017,IX0000,old
ID000017,IX0001,old
ID000017,IX0002,old
ID000018,IX0000,old
ID000018,IX0001,old
ID000019,IX0000,old
ID000019,IX0001,old
ID000019,IX0002,old
ID000020,IX0000,old
ID000020,IX0001,old
ID000021,IX0000,old
ID000021,IX0001,old
ID000022,IX0000,old
ID000022,IX0001,old
ID000022,IX0002,old
ID000023,IX0000,old
ID000023,IX0001,old
ID000024,IX0000,old
ID000024,IX0001,old
ID000025,IX0000,old
ID000025,IX0001,old
ID000026,IX0000,old
ID000026,IX0001,old
ID000027,IX0000,old
ID000027,IX0001,old
ID000028,IX0000,old
ID000029,IX0000,old
ID000029,IX0001,old
ID000030,IX0000,old
ID000031,IX0000,old
ID000031,IX0001,old
ID000031,IX0002,old
ID000032,IX0000,old
ID000032,IX0001,old
ID000032,IX0002,old
ID000033,IX0000,old
ID000034,IX0000,old
ID000034,IX0001,old
ID000035,IX0000,old
ID000035,IX0001,old
ID000035,IX0002,old
ID000036,IX0000,old
ID000036,IX0001,old
ID000036,IX0002,old
ID000037,IX0000,old
ID000038,IX0000,old
ID000038,IX0001,old
ID000038,IX0002,old
ID000039,IX0000,old
ID000039,IX0001,old
ID000040,IX0000,old
ID000040,IX0001,old
ID000041,IX0000,old
ID000041,IX0001,old
ID000041,IX0002,old
ID000042,IX0000,old
ID000042,IX0001,old
ID000042,IX0002,old
ID000043,IX0000,old
ID000043,IX0001,old
ID000044,IX0000,old
ID000045,IX0000,old
ID000046,IX0000,old
ID000046,IX0001,old
ID000046,IX0002,old
ID000047,IX0000,old
ID000048,IX0000,old
ID000048,IX0001,old
ID000048,IX0002,old
ID000049,IX0000,old
ID000050,IX0000,old
ID000050,IX0001,old
ID000051,IX0000,old
ID000052,IX0000,old
ID000053,IX0000,old
ID000053,IX0001,old
ID000053,IX0002,old
ID000054,IX0000,old
ID000054,IX0001,old
ID000054,IX0002,old
ID000055,IX0000,old
ID000055,IX0001,old
ID000055,IX0002,old
ID000056,IX0000,old
ID000056,IX0001,old
ID000056,IX0002,old
ID000057,IX0000,old
ID000057,IX0001,old
ID000058,IX0000,old
ID000059,IX0000,old
ID000059,IX0001,old
ID000060,IX0000,old
ID000060,IX0001,old
ID000061,IX0000,old
ID000062,IX0000,old
ID000063,IX0000,old
ID000063,IX0001,old
ID000063,IX0002,old
ID000064,IX0000,old
ID000064,IX0001,old
ID000064,IX0002,old
ID000065,IX0000,old
ID000065,IX0001,old
ID000065,IX0002,old
ID000066,IX0000,old
ID000066,IX0001,old
ID000066,IX0002,old
ID000067,IX0000,old
ID000068,IX0000,old
ID000069,IX0000,old
ID000069,IX0001,old
ID000069,IX0002,old
ID000070,IX0000,old
ID000071,IX0000,old
ID000072,IX0000,old
ID000073,IX0000,old
ID000073,IX0001,old
ID000074,IX0000,old
ID000074,IX0001,old
ID000075,IX0000,old
ID000076,IX0000,old
ID000076,IX0001,old
ID000076,IX0002,old
ID000077,IX0000,old
ID000078,IX0000,old
ID000078,IX0001,old
ID000078,IX0002,old
ID000079,IX0000,old
ID000079,IX0001,old
ID000079,IX0002,old
ID000080,IX0000,old
ID000081,IX0000,old
ID000081,IX0001,old
ID000081,IX0002,old
ID000082,IX0000,old
ID000082,IX0001,old
ID000082,IX0002,old
ID000083,IX0000,old
ID000083,IX0001,old
ID000083,IX0002,old
ID000084,IX0000,old
ID000084,IX0001,old
ID000085,IX0000,old
ID000085,IX0001,old
ID000086,IX0000,old
ID000086,IX0001,old
ID000087,IX0000,old
ID000087,IX0001,old
ID000088,IX0000,old
ID000089,IX0000,old
ID000090,IX0000,old
ID000090,IX0001,old
ID000090,IX0002,old
ID000091,IX0000,old
ID000092,IX0000,old
ID000093,IX0000,old
ID000094,IX0000,old
ID000094,IX0001,old
ID000095,IX0000,old
ID000095,IX0001,old
ID000096,IX0000,old
ID000097,IX0000,old
ID000097,IX0001,old
ID000097,IX0002,old
ID000098,IX0000,old
ID000099,IX0000,old
ID000099,IX0001,old
ID000099,IX0002,old
ID0000100,IX0000,old
ID0000100,IX0001,old
ID0000101,IX0000,old
ID0000101,IX0001,old
ID0000101,IX0002,old
ID0000102,IX0000,old
ID0000102,IX0001,old
ID0000103,IX0000,old
ID0000103,IX0001,old
ID0000104,IX0000,old
ID0000105,IX0000,old
ID0000105,IX0001,old
ID0000105,IX0002,old
ID0000106,IX0000,old
ID0000106,IX0001,old
ID0000107,IX0000,old
ID0000108,IX0000,old
ID0000109,IX0000,old
ID0000110,IX0000,old
ID0000110,IX0001,old
ID0000111,IX0000,old
ID0000111,IX0001,old
ID0000112,IX0000,old
ID0000112,IX0001,old
ID0000113,IX0000,old
ID0000113,IX0001,old
ID0000114,IX0000,old
ID0000115,IX0000,old
ID0000115,IX0001,old
ID0000116,IX0000,old
ID0000116,IX0001,old
ID0000117,IX0000,old
ID0000117,IX0001,old
ID0000118,IX0000,old
ID0000118,IX0001,old
ID0000118,IX0002,old
ID0000119,IX0000,old
ID0000119,IX0001,old
ID0000119,IX0002,old
ID0000120,IX0000,old
ID0000120,IX0001,old
ID0000120,IX0002,old
ID0000121,IX0000,old
ID0000121,IX0001,old
ID0000122,IX0000,old
ID0000123,IX0000,old
ID0000123,IX0001,old
ID0000123,IX0002,old
ID0000124,IX0000,old
ID0000124,IX0001,old
ID0000125,IX0000,old
ID0000125,IX0001,old
ID0000126,IX0000,old
ID0000126,IX0001,old
ID0000127,IX0000,old
ID0000127,IX0001,old
ID0000128,IX0000,old
ID0000128,IX0001,old
ID0000128,IX0002,old
ID0000129,IX0000,old
ID0000129,IX0001,old
ID0000130,IX0000,old
ID0000131,IX0000,old
ID0000131,IX0001,old
ID0000131,IX0002,old
ID0000132,IX0000,old
ID0000133,IX0000,old
ID0000133,IX0001,old
ID0000133,IX0002,old
ID0000134,IX0000,old
ID0000134,IX0001,old
ID0000134,IX0002,old
ID0000135,IX0000,old
ID0000135,IX0001,old
ID0000136,IX0000,old
ID0000136,IX0001,old
ID0000136,IX0002,old
ID0000137,IX0000,old
ID0000138,IX0000,old
ID0000138,IX0001,old
ID0000139,IX0000,old
ID0000139,IX0001,old
ID0000140,IX0000,old
ID0000141,IX0000,old
ID0000141,IX0001,old
ID0000142,IX0000,old
ID0000143,IX0000,old
ID0000144,IX0000,old
ID0000144,IX0001,old
ID0000145,IX0000,old
ID0000145,IX0001,old
ID0000145,IX0002,old
ID0000146,IX0000,old
ID0000146,IX0001,old
ID0000146,IX0002,old
ID0000147,IX0000,old
ID0000147,IX0001,old
ID0000148,IX0000,old
ID0000149,IX0000,old
ID0000149,IX0001,old
ID0000150,IX0000,old
ID0000150,IX0001,old
ID0000150,IX0002,old
ID0000151,IX0000,old
ID0000151,IX0001,old
ID0000152,IX0000,old
ID0000152,IX0001,old
ID0000152,IX0002,old
ID0000153,IX0000,old
ID0000153,IX0001,old
ID0000154,IX0000,old
ID0000154,IX0001,old
ID0000154,IX0002,old
ID0000155,IX0000,old
ID0000155,IX0001,old
ID0000156,IX0000,old
ID0000156,IX0001,old
ID0000156,IX0002,old
ID0000157,IX0000,old
ID0000157,IX0001,old
ID0000157,IX0002,old
ID0000158,IX0000,old
ID0000158,IX0001,old
ID0000158,IX0002,old
ID0000159,IX0000,old
ID0000160,IX0000,old
ID0000161,IX0000,old
ID0000161,IX0001,old
ID0000162,IX0000,old
ID0000162,IX0001,old
ID0000163,IX0000,old
ID0000163,IX0001,old
ID0000164,IX0000,old
ID0000165,IX0000,old
ID0000165,IX0001,old
ID0000166,IX0000,old
ID0000167,IX0000,old
ID0000168,IX0000,old
ID0000168,IX0001,old
ID0000168,IX0002,old
ID0000169,IX0000,old
ID0000170,IX0000,old
ID0000171,IX0000,old
ID0000171,IX0001,old
ID0000172,IX0000,old
ID0000172,IX0001,old
ID0000172,IX0002,old
ID0000173,IX0000,old
ID0000173,IX0001,old
ID0000173,IX0002,old
ID0000174,IX0000,old
ID0000174,IX0001,old
ID0000174,IX0002,old
ID0000175,IX0000,old
ID0000175,IX0001,old
ID0000176,IX0000,old
ID0000176,IX0001,old
ID0000177,IX0000,old
ID0000177,IX0001,old
ID0000178,IX0000,old
ID0000178,IX0001,old
ID0000178,IX0002,old
ID0000179,IX0000,old
ID0000179,IX0001,old
ID0000180,IX0000,old
ID0000180,IX0001,old
ID0000181,IX0000,old
ID0000181,IX0001,old
ID0000181,IX0002,old
ID0000182,IX0000,old
ID0000182,IX0001,old
ID0000183,IX0000,old
ID0000183,IX0001,old
ID0000184,IX0000,old
ID0000184,IX0001,old
ID0000184,IX0002,old
ID0000185,IX0000,old
ID0000186,IX0000,old
ID0000187,IX0000,old
ID0000187,IX0001,old
ID0000187,IX0002,old
ID0000188,IX0000,old
ID0000189,IX0000,old
ID0000189,IX0001,old
ID0000189,IX0002,old
ID0000190,IX0000,old
ID0000190,IX0001,old
ID0000191,IX0000,old
ID0000191,IX0001,old
ID0000192,IX0000,old
ID0000192,IX0001,old
ID0000193,IX0000,old
ID0000193,IX0001,old
ID0000193,IX0002,old
ID0000194,IX0000,old
ID0000194,IX0001,old
ID0000195,IX0000,old
ID0000196,IX0000,old
ID0000197,IX0000,old
ID0000198,IX0000,old
ID0000198,IX0001,old
ID0000198,IX0002,old
ID0000199,IX0000,old
ID0000199,IX0001,old
ID0000199,IX0002,old
ID0000200,IX0000,old
ID0000200,IX0001,old
ID0000201,IX0000,old
ID0000201,IX0001,old
ID0000201,IX0002,old
ID0000202,IX0000,old
ID0000202,IX0001,old
ID0000202,IX0002,old
ID0000203,IX0000,old
ID0000203,IX0001,old
ID0000204,IX0000,old
ID0000204,IX0001,old
ID0000204,IX0002,old
ID0000205,IX0000,old
ID0000205,IX0001,old
ID0000205,IX0002,old
ID0000206,IX0000,old
ID0000207,IX0000,old
ID0000207,IX0001,old
ID0000207,IX0002,old
ID0000208,IX0000,old
ID0000208,IX0001,old
ID0000209,IX0000,old
ID0000209,IX0001,old
ID0000210,IX0000,old
ID0000210,IX0001,old
ID0000210,IX0002,old
ID0000211,IX0000,old
ID0000211,IX0001,old
ID0000211,IX0002,old
ID0000212,IX0000,old
ID0000212,IX0001,old
ID0000213,IX0000,old
ID0000213,IX0001,old
ID0000213,IX0002,old
ID0000214,IX0000,old
ID0000214,IX0001,old
ID0000215,IX0000,old
ID0000216,IX0000,old
ID0000216,IX0001,old
ID0000216,IX0002,old
ID0000217,IX0000,old
ID0000217,IX0001,old
ID0000218,IX0000,old
ID0000218,IX0001,old
ID0000218,IX0002,old
ID0000219,IX0000,old
ID0000219,IX0001,old
ID0000219,IX0002,old
ID0000220,IX0000,old
ID0000220,IX0001,old
ID0000221,IX0000,old
ID0000221,IX0001,old
ID0000221,IX0002,old
ID0000222,IX0000,old
ID0000222,IX0001,old
ID0000222,IX0002,old
ID0000223,IX0000,old
ID0000224,IX0000,old
ID0000225,IX0000,old
ID0000225,IX0001,old
ID0000225,IX0002,old
ID0000226,IX0000,old
ID0000226,IX0001,old
ID0000227,IX0000,old
ID0000228,IX0000,old
ID0000229,IX0000,old
ID0000229,IX0001,old
ID0000229,IX0002,old
ID0000230,IX0000,old
ID0000231,IX0000,old
ID0000231,IX0001,old
ID0000231,IX0002,old
ID0000232,IX0000,old
ID0000232,IX0001,old
ID0000233,IX0000,old
ID0000233,IX0001,old
ID0000233,IX0002,old
ID0000234,IX0000,old
ID0000234,IX0001,old
ID0000234,IX0002,old
ID0000235,IX0000,old
ID0000235,IX0001,old
ID0000236,IX0000,old
ID0000236,IX0001,old
ID0000236,IX0002,old
ID0000237,IX0000,old
ID0000237,IX0001,old
ID0000237,IX0002,old
ID0000238,IX0000,old
ID0000238,IX0001,old
ID0000238,IX0002,old
ID0000239,IX0000,old
ID0000240,IX0000,old
ID0000240,IX0001,old
ID0000240,IX0002,old
ID0000241,IX0000,old
ID0000241,IX0001,old
ID0000241,IX0002,old
ID0000242,IX0000,old
ID0000242,IX0001,old
ID0000243,IX0000,old
ID0000243,IX0001,old
ID0000244,IX0000,old
ID0000245,IX0000,old
ID0000245,IX0001,old
ID0000246,IX0000,old
ID0000246,IX0001,old
ID0000247,IX0000,old
ID0000247,IX0001,old
ID0000247,IX0002,old
ID0000248,IX0000,old
ID0000249,IX0000,old
ID0000250,IX0000,old
ID0000250,IX0001,old
ID0000251,IX0000,old
ID0000251,IX0001,old
ID0000252,IX0000,old
ID0000253,IX0000,old
ID0000253,IX0001,old
ID0000253,IX0002,old
ID0000254,IX0000,old
ID0000254,IX0001,old
ID0000254,IX0002,old
ID0000255,IX0000,old
ID0000255,IX0001,old
ID0000255,IX0002,old
ID0000256,IX0000,old
ID0000257,IX0000,old
ID0000257,IX0001,old
ID0000257,IX0002,old
ID0000258,IX0000,old
ID0000258,IX0001,old
ID0000259,IX0000,old
ID0000260,IX0000,old
ID0000260,IX0001,old
ID0000261,IX0000,old
ID0000262,IX0000,old
ID0000262,IX0001,old
ID0000262,IX0002,old
ID0000263,IX0000,old
ID0000264,IX0000,old
ID0000264,IX0001,old
ID0000264,IX0002,old
ID0000265,IX0000,old
ID0000265,IX0001,old
ID0000265,IX0002,old
ID0000266,IX0000,old
ID0000266,IX0001,old
ID0000267,IX0000,old
ID0000267,IX0001,old
ID0000267,IX0002,old
ID0000268,IX0000,old
ID0000269,IX0000,old
ID0000269,IX0001,old
ID0000270,IX0000,old
ID0000270,IX0001,old
ID0000271,IX0000,old
ID0000271,IX0001,old
ID0000271,IX0002,old
ID0000272,IX0000,old
ID0000273,IX0000,old
ID0000274,IX0000,old
ID0000274,IX0001,old
ID0000274,IX0002,old
ID0000275,IX0000,old
ID0000276,IX0000,old
ID0000276,IX0001,old
ID0000277,IX0000,old
ID0000278,IX0000,old
ID0000278,IX0001,old
ID0000278,IX0002,old
ID0000279,IX0000,old
ID0000279,IX0001,old
ID0000279,IX0002,old
ID0000280,IX0000,old
ID0000280,IX0001,old
ID0000281,IX0000,old
ID0000281,IX0001,old
ID0000282,IX0000,old
ID0000283,IX0000,old
ID0000284,IX0000,old
ID0000284,IX0001,old
ID0000284,IX0002,old
ID0000285,IX0000,old
ID0000285,IX0001,old
ID0000286,IX0000,old
ID0000286,IX0001,old
ID0000287,IX0000,old
ID0000287,IX0001,old
ID0000287,IX0002,old
ID0000288,IX0000,old
ID0000288,IX0001,old
ID0000288,IX0002,old
ID0000289,IX0000,old
ID0000289,IX0001,old
ID0000290,IX0000,old
ID0000291,IX0000,old
ID0000292,IX0000,old
ID0000292,IX0001,old
ID0000292,IX0002,old
ID0000293,IX0000,old
ID0000293,IX0001,old
ID0000294,IX0000,old
ID0000295,IX0000,old
ID0000296,IX0000,old
ID0000297,IX0000,old
ID0000297,IX0001,old
ID0000298,IX0000,old
ID0000298,IX0001,old
ID0000299,IX0000,old
ID0000300,IX0000,old
ID0000301,IX0000,old
ID0000302,IX0000,old
ID0000302,IX0001,old
ID0000302,IX0002,old
ID0000303,IX0000,old
ID0000304,IX0000,old
ID0000305,IX0000,old
ID0000306,IX0000,old
ID0000306,IX0001,old
ID0000306,IX0002,old
ID0000307,IX0000,old
ID0000307,IX0001,old
ID0000308,IX0000,old
ID0000308,IX0001,old
ID0000308,IX0002,old
ID0000309,IX0000,old
ID0000309,IX0001,old
ID0000309,IX0002,old
ID0000310,IX0000,old
ID0000310,IX0001,old
ID0000310,IX0002,old
ID0000311,IX0000,old
ID0000312,IX0000,old
ID0000313,IX0000,old
ID0000313,IX0001,old
ID0000314,IX0000,old
ID0000315,IX0000,old
ID0000315,IX0001,old
ID0000315,IX0002,old
ID0000316,IX0000,old
ID0000317,IX0000,old
ID0000317,IX0001,old
ID0000317,IX0002,old
ID0000318,IX0000,old
ID0000318,IX0001,old
ID0000318,IX0002,old
ID0000319,IX0000,old
ID0000320,IX0000,old
ID0000321,IX0000,old
ID0000321,IX0001,old
ID0000321,IX0002,old
ID0000322,IX0000,old
ID0000322,IX0001,old
ID0000323,IX0000,old
ID0000323,IX0001,old
ID0000324,IX0000,old
ID0000324,IX0001,old
ID0000325,IX0000,old
ID0000325,IX0001,old
ID0000326,IX0000,old
ID0000326,IX0001,old
ID0000327,IX0000,old
ID0000328,IX0000,old
ID0000328,IX0001,old
ID0000329,IX0000,old
ID0000329,IX0001,old
ID0000330,IX0000,old
ID0000331,IX0000,old
ID0000332,IX0000,old
ID0000332,IX0001,old
ID0000332,IX0002,old
ID0000333,IX0000,old
ID0000334,IX0000,old
ID0000334,IX0001,old
ID0000334,IX0002,old
ID0000335,IX0000,old
ID0000336,IX0000,old
ID0000336,IX0001,old
ID0000337,IX0000,old
ID0000337,IX0001,old
ID0000337,IX0002,old
ID0000338,IX0000,old
ID0000339,IX0000,old
ID0000339,IX0001,old
ID0000339,IX0002,old
ID0000340,IX0000,old
ID0000340,IX0001,old
ID0000340,IX0002,old
ID0000341,IX0000,old
ID0000342,IX0000,old
ID0000342,IX0001,old
ID0000343,IX0000,old
ID0000344,IX0000,old
ID0000345,IX0000,old
ID0000345,IX0001,old
ID0000346,IX0000,old
ID0000346,IX0001,old
ID0000346,IX0002,old
ID0000347,IX0000,old
ID0000347,IX0001,old
ID0000347,IX0002,old
ID0000348,IX0000,old
ID0000348,IX0001,old
ID0000348,IX0002,old
ID0000349,IX0000,old
ID0000350,IX0000,old
ID0000350,IX0001,old
ID0000350,IX0002,old
ID0000351,IX0000,old
ID0000351,IX0001,old
ID0000351,IX0002,old
ID0000352,IX0000,old
ID0000353,IX0000,old
ID0000354,IX0000,old
ID0000354,IX0001,old
ID0000355,IX0000,old
ID0000355,IX0001,old
ID0000356,IX0000,old
ID0000357,IX0000,old
ID0000357,IX0001,old
ID0000357,IX0002,old
ID0000358,IX0000,old
ID0000358,IX0001,old
ID0000359,IX0000,old
ID0000359,IX0001,old
ID0000359,IX0002,old
ID0000360,IX0000,old
ID0000361,IX0000,old
ID0000361,IX0001,old
ID0000362,IX0000,old
ID0000362,IX0001,old
ID0000363,IX0000,old
ID0000363,IX0001,old
ID0000363,IX0002,old
ID0000364,IX0000,old
ID0000365,IX0000,old
ID0000365,IX0001,old
ID0000365,IX0002,old
ID0000366,IX0000,old
ID0000367,IX0000,old
ID0000368,IX0000,old
ID0000368,IX0001,old
ID0000368,IX0002,old
ID0000369,IX0000,old
ID0000370,IX0000,old
ID0000370,IX0001,old
ID0000370,IX0002,old
ID0000371,IX0000,old
ID0000371,IX0001,old
ID0000371,IX0002,old
ID0000372,IX0000,old
ID0000372,IX0001,old
ID0000372,IX0002,old
ID0000373,IX0000,old
ID0000373,IX0001,old
ID0000374,IX0000,old
ID0000374,IX0001,old
ID0000375,IX0000,old
ID0000375,IX0001,old
ID0000376,IX0000,old
ID0000376,IX0001,old
ID0000376,IX0002,old
ID0000377,IX0000,old
ID0000377,IX0001,old
ID0000378,IX0000,old
ID0000378,IX0001,old
ID0000378,IX0002,old
ID0000379,IX0000,old
ID0000379,IX0001,old
ID0000380,IX0000,old
ID0000381,IX0000,old
ID0000382,IX0000,old
ID0000382,IX0001,old
ID0000382,IX0002,old
ID0000383,IX0000,old
ID0000383,IX0001,old
ID0000383,IX0002,old
ID0000384,IX0000,old
ID0000385,IX0000,old
ID0000386,IX0000,old
ID0000386,IX0001,old
ID0000386,IX0002,old
ID0000387,IX0000,old
ID0000388,IX0000,old
ID0000388,IX0001,old
ID0000389,IX0000,old
ID0000389,IX0001,old
ID0000390,IX0000,old
ID0000390,IX0001,old
ID0000390,IX0002,old
ID0000391,IX0000,old
ID0000391,IX0001,old
ID0000392,IX0000,old
ID0000393,IX0000,old
ID0000394,IX0000,old
ID0000394,IX0001,old
ID0000395,IX0000,old
ID0000396,IX0000,old
ID0000396,IX0001,old
ID0000396,IX0002,old
ID0000397,IX0000,old
ID0000397,IX0001,old
ID0000398,IX0000,old
ID0000398,IX0001,old
ID0000399,IX0000,old
ID0000400,IX0000,old
ID0000401,IX0000,old
ID0000401,IX0001,old
ID0000402,IX0000,old
ID0000403,IX0000,old
ID0000403,IX0001,old
ID0000404,IX0000,old
ID0000405,IX0000,old
ID0000405,IX0001,old
ID0000406,IX0000,old
ID0000406,IX0001,old
ID0000406,IX0002,old
ID0000407,IX0000,old
ID0000408,IX0000,old
ID0000409,IX0000,old
ID0000409,IX0001,old
ID0000410,IX0000,old
ID0000410,IX0001,old
ID0000411,IX0000,old
ID0000412,IX0000,old
ID0000413,IX0000,old
ID0000414,IX0000,old
ID0000414,IX0001,old
ID0000414,IX0002,old
ID0000415,IX0000,old
ID0000415,IX0001,old
ID0000416,IX0000,old
ID0000416,IX0001,old
ID0000416,IX0002,old
ID0000417,IX0000,old
ID0000417,IX0001,old
ID0000418,IX0000,old
ID0000418,IX0001,old
ID0000418,IX0002,old
ID0000419,IX0000,old
ID0000419,IX0001,old
ID0000419,IX0002,old
ID0000420,IX0000,old
ID0000420,IX0001,old
ID0000420,IX0002,old
ID0000421,IX0000,old
ID0000421,IX0001,old
ID0000422,IX0000,old
ID0000423,IX0000,old
ID0000423,IX0001,old
ID0000423,IX0002,old
ID0000424,IX0000,old
ID0000424,IX0001,old
ID0000425,IX0000,old
ID0000426,IX0000,old
ID0000427,IX0000,old
ID0000428,IX0000,old
ID0000428,IX0001,old
ID0000429,IX0000,old
ID0000429,IX0001,old
ID0000429,IX0002,old
ID0000430,IX0000,old
ID0000431,IX0000,old
ID0000432,IX0000,old
ID0000432,IX0001,old
ID0000432,IX0002,old
ID0000433,IX0000,old
ID0000433,IX0001,old
ID0000433,IX0002,old
ID0000434,IX0000,old
ID0000434,IX0001,old
ID0000435,IX0000,old
ID0000435,IX0001,old
ID0000435,IX0002,old
ID0000436,IX0000,old
ID0000436,IX0001,old
ID0000437,IX0000,old
ID0000438,IX0000,old
ID0000438,IX0001,old
ID0000438,IX0002,old
ID0000439,IX0000,old
ID0000440,IX0000,old
ID0000440,IX0001,old
ID0000441,IX0000,old
ID0000442,IX0000,old
ID0000443,IX0000,old
ID0000443,IX0001,old
ID0000443,IX0002,old
ID0000444,IX0000,old
ID0000444,IX0001,old
ID0000445,IX0000,old
ID0000446,IX0000,old
ID0000446,IX0001,old
ID0000446,IX0002,old
ID0000447,IX0000,old
ID0000448,IX0000,old
ID0000448,IX0001,old
ID0000448,IX0002,old
ID0000449,IX0000,old
ID0000449,IX0001,old
ID0000450,IX0000,old
ID0000450,IX0001,old
ID0000451,IX0000,old
ID0000451,IX0001,old
ID0000451,IX0002,old
ID0000452,IX0000,old
ID0000453,IX0000,old
ID0000454,IX0000,old
ID0000454,IX0001,old
ID0000454,IX0002,old
ID0000455,IX0000,old
ID0000455,IX0001,old
ID0000456,IX0000,old
ID0000456,IX0001,old
ID0000456,IX0002,old
ID0000457,IX0000,old
ID0000458,IX0000,old
ID0000459,IX0000,old
ID0000460,IX0000,old
ID0000460,IX0001,old
ID0000460,IX0002,old
ID0000461,IX0000,old
ID0000461,IX0001,old
ID0000462,IX0000,old
ID0000462,IX0001,old
ID0000463,IX0000,old
ID0000463,IX0001,old
ID0000463,IX0002,old
ID0000464,IX0000,old
ID0000464,IX0001,old
ID0000464,IX0002,old
ID0000465,IX0000,old
ID0000465,IX0001,old
ID0000466,IX0000,old
ID0000467,IX0000,old
ID0000467,IX0001,old
ID0000467,IX0002,old
ID0000468,IX0000,old
ID0000469,IX0000,old
ID0000469,IX0001,old
ID0000469,IX0002,old
ID0000470,IX0000,old
ID0000470,IX0001,old
ID0000470,IX0002,old
ID0000471,IX0000,old
ID0000471,IX0001,old
ID0000471,IX0002,old
ID0000472,IX0000,old
ID0000472,IX0001,old
ID0000473,IX0000,old
ID0000473,IX0001,old
ID0000474,IX0000,old
ID0000475,IX0000,old
ID0000475,IX0001,old
ID0000475,IX0002,old
ID0000476,IX0000,old
ID0000476,IX0001,old
ID0000476,IX0002,old
ID0000477,IX0000,old
ID0000478,IX0000,old
ID0000478,IX0001,old
ID0000478,IX0002,old
ID0000479,IX0000,old
ID0000479,IX0001,old
ID0000479,IX0002,old
ID0000480,IX0000,old
ID0000481,IX0000,old
ID0000481,IX0001,old
ID0000481,IX0002,old
ID0000482,IX0000,old
ID0000482,IX0001,old
ID0000482,IX0002,old
ID0000483,IX0000,old
ID0000483,IX0001,old
ID0000484,IX0000,old
ID0000484,IX0001,old
ID0000485,IX0000,old
ID0000485,IX0001,old
ID0000486,IX0000,old
ID0000487,IX0000,old
ID0000488,IX0000,old
ID0000488,IX0001,old
ID0000488,IX0002,old
ID0000489,IX0000,old
ID0000489,IX0001,old
ID0000490,IX0000,old
ID0000490,IX0001,old
ID0000490,IX0002,old
ID0000491,IX0000,old
ID0000491,IX0001,old
ID0000491,IX0002,old
ID0000492,IX0000,old
ID0000493,IX0000,old
ID0000494,IX0000,old
ID0000494,IX0001,old
ID0000495,IX0000,old
ID0000495,IX0001,old
ID0000495,IX0002,old
ID0000496,IX0000,old
ID0000496,IX0001,old
ID0000496,IX0002,old
ID0000497,IX0000,old
ID0000497,IX0001,old
ID0000497,IX0002,old
ID0000498,IX0000,old
ID0000498,IX0001,old
ID0000498,IX0002,old
ID0000499,IX0000,old
ID0000499,IX0001,old
ID0000499,IX0002,old
ID0000500,IX0000,old
ID0000500,IX0001,old
ID0000500,IX0002,old
ID0000501,IX0000,old
ID0000501,IX0001,old
ID0000502,IX0000,old
ID0000503,IX0000,old
ID0000503,IX0001,old
ID0000504,IX0000,old
ID0000504,IX0001,old
ID0000505,IX0000,old
ID0000505,IX0001,old
ID0000505,IX0002,old
ID0000506,IX0000,old
ID0000506,IX0001,old
ID0000507,IX0000,old
ID0000507,IX0001,old
ID0000507,IX0002,old
ID0000508,IX0000,old
ID0000508,IX0001,old
ID0000508,IX0002,old
ID0000509,IX0000,old
ID0000509,IX0001,old
ID0000509,IX0002,old
ID0000510,IX0000,old
ID0000510,IX0001,old
ID0000510,IX0002,old
ID0000511,IX0000,old
ID0000512,IX0000,old
ID0000513,IX0000,old
ID0000513,IX0001,old
ID0000514,IX0000,old
ID0000514,IX0001,old
ID0000514,IX0002,old
ID0000515,IX0000,old
ID0000516,IX0000,old
ID0000516,IX0001,old
ID0000517,IX0000,old
ID0000517,IX0001,old
ID0000518,IX0000,old
ID0000518,IX0001,old
ID0000518,IX0002,old
ID0000519,IX0000,old
ID0000519,IX0001,old
ID0000519,IX0002,old
ID0000520,IX0000,old
ID0000520,IX0001,old
ID0000521,IX0000,old
ID0000521,IX0001,old
ID0000522,IX0000,old
ID0000522,IX0001,old
ID0000522,IX0002,old
ID0000523,IX0000,old
ID0000523,IX0001,old
ID0000524,IX0000,old
ID0000524,IX0001,old
ID0000524,IX0002,old
ID0000525,IX0000,old
ID0000525,IX0001,old
ID0000525,IX0002,old
ID0000526,IX0000,old
ID0000526,IX0001,old
ID0000527,IX0000,old
ID0000527,IX0001,old
ID0000527,IX0002,old
ID0000528,IX0000,old
ID0000528,IX0001,old
ID0000529,IX0000,old
ID0000530,IX0000,old
ID0000530,IX0001,old
ID0000531,IX0000,old
ID0000531,IX0001,old
ID0000532,IX0000,old
ID0000533,IX0000,old
ID0000534,IX0000,old
ID0000534,IX0001,old
ID0000535,IX0000,old
ID0000535,IX0001,old
ID0000536,IX0000,old
ID0000536,IX0001,old
ID0000536,IX0002,old
ID0000537,IX0000,old
ID0000537,IX0001,old
ID0000537,IX0002,old
ID0000538,IX0000,old
ID0000539,IX0000,old
ID0000540,IX0000,old
ID0000540,IX0001,old
ID0000541,IX0000,old
ID0000541,IX0001,old
ID0000541,IX0002,old
ID0000542,IX0000,old
ID0000542,IX0001,old
ID0000542,IX0002,old
ID0000543,IX0000,old
ID0000543,IX0001,old
ID0000544,IX0000,old
ID0000544,IX0001,old
ID0000545,IX0000,old
ID0000545,IX0001,old
ID0000545,IX0002,old
ID0000546,IX0000,old
ID0000547,IX0000,old
ID0000547,IX0001,old
ID0000548,IX0000,old
ID0000548,IX0001,old
ID0000548,IX0002,old
ID0000549,IX0000,old
ID0000550,IX0000,old
ID0000551,IX0000,old
ID0000552,IX0000,old
ID0000552,IX0001,old
ID0000553,IX0000,old
ID0000554,IX0000,old
ID0000554,IX0001,old
ID0000554,IX0002,old
ID0000555,IX0000,old
ID0000555,IX0001,old
ID0000556,IX0000,old
ID0000556,IX0001,old
ID0000556,IX0002,old
ID0000557,IX0000,old
ID0000558,IX0000,old
ID0000559,IX0000,old
ID0000559,IX0001,old
ID0000560,IX0000,old
ID0000561,IX0000,old
ID0000561,IX0001,old
ID0000562,IX0000,old
ID0000562,IX0001,old
ID0000563,IX0000,old
ID0000563,IX0001,old
ID0000563,IX0002,old
ID0000564,IX0000,old
ID0000564,IX0001,old
ID0000565,IX0000,old
ID0000565,IX0001,old
ID0000565,IX0002,old
ID0000566,IX0000,old
ID0000567,IX0000,old
ID0000567,IX0001,old
ID0000568,IX0000,old
ID0000568,IX0001,old
ID0000568,IX0002,old
ID0000569,IX0000,old
ID0000570,IX0000,old
ID0000570,IX0001,old
ID0000571,IX0000,old
ID0000571,IX0001,old
ID0000572,IX0000,old
ID0000572,IX0001,old
ID0000572,IX0002,old
ID0000573,IX0000,old
ID0000573,IX0001,old
ID0000574,IX0000,old
ID0000574,IX0001,old
ID0000574,IX0002,old
ID0000575,IX0000,old
ID0000575,IX0001,old
ID0000576,IX0000,old
ID0000577,IX0000,old
ID0000577,IX0001,old
ID0000577,IX0002,old
ID0000578,IX0000,old
ID0000578,IX0001,old
ID0000578,IX0002,old
ID0000579,IX0000,old
ID0000579,IX0001,old
ID0000579,IX0002,old
ID0000580,IX0000,old
ID0000581,IX0000,old
ID0000582,IX0000,old
ID0000582,IX0001,old
ID0000582,IX0002,old
ID0000583,IX0000,old
ID0000583,IX0001,old
ID0000583,IX0002,old
ID0000584,IX0000,old
ID0000584,IX0001,old
ID0000585,IX0000,old
ID0000585,IX0001,old
ID0000586,IX0000,old
ID0000587,IX0000,old
ID0000587,IX0001,old
ID0000587,IX0002,old
ID0000588,IX0000,old
ID0000589,IX0000,old
ID0000589,IX0001,old
ID0000589,IX0002,old
ID0000590,IX0000,old
ID0000590,IX0001,old
ID0000591,IX0000,old
ID0000591,IX0001,old
ID0000591,IX0002,old
ID0000592,IX0000,old
ID0000593,IX0000,old
ID0000594,IX0000,old
ID0000594,IX0001,old
ID0000595,IX0000,old
ID0000596,IX0000,old
ID0000597,IX0000,old
ID0000597,IX0001,old
ID0000597,IX0002,old
ID0000598,IX0000,old
ID0000599,IX0000,old
ID0000599,IX0001,old
ID0000600,IX0000,old
ID0000600,IX0001,old
ID0000600,IX0002,old
ID0000601,IX0000,old
ID0000602,IX0000,old
ID0000602,IX0001,old
ID0000603,IX0000,old
ID0000603,IX0001,old
ID0000603,IX0002,old
ID0000604,IX0000,old
ID0000604,IX0001,old
ID0000604,IX0002,old
ID0000605,IX0000,old
ID0000606,IX0000,old
ID0000606,IX0001,old
ID0000607,IX0000,old
ID0000608,IX0000,old
ID0000609,IX0000,old
ID0000609,IX0001,old
ID0000609,IX0002,old
ID0000610,IX0000,old
ID0000611,IX0000,old
ID0000611,IX0001,old
ID0000612,IX0000,old
ID0000612,IX0001,old
ID0000613,IX0000,old
ID0000614,IX0000,old
ID0000615,IX0000,old
ID0000615,IX0001,old
ID0000615,IX0002,old
ID0000616,IX0000,old
ID0000617,IX0000,old
ID0000618,IX0000,old
ID0000618,IX0001,old
ID0000619,IX0000,old
ID0000620,IX0000,old
ID0000620,IX0001,old
ID0000621,IX0000,old
ID0000621,IX0001,old
ID0000621,IX0002,old
ID0000622,IX0000,old
ID0000622,IX0001,old
ID0000623,IX0000,old
ID0000623,IX0001,old
ID0000624,IX0000,old
ID0000624,IX0001,old
ID0000625,IX0000,old
ID0000625,IX0001,old
ID0000626,IX0000,old
ID0000626,IX0001,old
ID0000627,IX0000,old
ID0000627,IX0001,old
ID0000627,IX0002,old
ID0000628,IX0000,old
ID0000628,IX0001,old
ID0000629,IX0000,old
ID0000630,IX0000,old
ID0000631,IX0000,old
ID0000632,IX0000,old
ID0000632,IX0001,old
ID0000632,IX0002,old
ID0000633,IX0000,old
ID0000633,IX0001,old
ID0000633,IX0002,old
ID0000634,IX0000,old
ID0000634,IX0001,old
ID0000634,IX0002,old
ID0000635,IX0000,old
ID0000635,IX0001,old
ID0000636,IX0000,old
ID0000637,IX0000,old
ID0000637,IX0001,old
ID0000637,IX0002,old
ID0000638,IX0000,old
ID0000638,IX0001,old
ID0000639,IX0000,old
ID0000640,IX0000,old
ID0000641,IX0000,old
ID0000641,IX0001,old
ID0000642,IX0000,old
ID0000642,IX0001,old
ID0000642,IX0002,old
ID0000643,IX0000,old
ID0000643,IX0001,old
ID0000644,IX0000,old
ID0000644,IX0001,old
ID0000644,IX0002,old
ID0000645,IX0000,old
ID0000645,IX0001,old
ID0000646,IX0000,old
ID0000646,IX0001,old
ID0000647,IX0000,old
ID0000648,IX0000,old
ID0000648,IX0001,old
ID0000648,IX0002,old
ID0000649,IX0000,old
ID0000650,IX0000,old
ID0000650,IX0001,old
ID0000651,IX0000,old
ID0000652,IX0000,old
ID0000653,IX0000,old
ID0000653,IX0001,old
ID0000654,IX0000,old
ID0000654,IX0001,old
ID0000654,IX0002,old
ID0000655,IX0000,old
ID0000656,IX0000,old
ID0000656,IX0001,old
ID0000656,IX0002,old
ID0000657,IX0000,old
ID0000657,IX0001,old
ID0000658,IX0000,old
ID0000659,IX0000,old
ID0000660,IX0000,old
ID0000661,IX0000,old
ID0000661,IX0001,old
ID0000662,IX0000,old
ID0000662,IX0001,old
ID0000663,IX0000,old
ID0000663,IX0001,old
ID0000664,IX0000,old
ID0000664,IX0001,old
ID0000664,IX0002,old
ID0000665,IX0000,old
ID0000665,IX0001,old
ID0000666,IX0000,old
ID0000667,IX0000,old
ID0000667,IX0001,old
ID0000667,IX0002,old
ID0000668,IX0000,old
ID0000668,IX0001,old
ID0000668,IX0002,old
ID0000669,IX0000,old
ID0000669,IX0001,old
ID0000670,IX0000,old
ID0000670,IX0001,old
ID0000670,IX0002,old
ID0000671,IX0000,old
ID0000671,IX0001,old
ID0000671,IX0002,old
ID0000672,IX0000,old
ID0000673,IX0000,old
ID0000673,IX0001,old
ID0000674,IX0000,old
ID0000674,IX0001,old
ID0000675,IX0000,old
ID0000676,IX0000,old
ID0000676,IX0001,old
ID0000677,IX0000,old
ID0000677,IX0001,old
ID0000677,IX0002,old
ID0000678,IX0000,old
ID0000678,IX0001,old
ID0000679,IX0000,old
ID0000680,IX0000,old
ID0000680,IX0001,old
ID0000681,IX0000,old
ID0000681,IX0001,old
ID0000681,IX0002,old
ID0000682,IX0000,old
ID0000682,IX0001,old
ID0000682,IX0002,old
ID0000683,IX0000,old
ID0000683,IX0001,old
ID0000684,IX0000,old
ID0000685,IX0000,old
ID0000685,IX0001,old
ID0000685,IX0002,old
ID0000686,IX0000,old
ID0000686,IX0001,old
ID0000686,IX0002,old
ID0000687,IX0000,old
ID0000688,IX0000,old
ID0000689,IX0000,old
ID0000690,IX0000,old
ID0000690,IX0001,old
ID0000690,IX0002,old
ID0000691,IX0000,old
ID0000691,IX0001,old
ID0000691,IX0002,old
ID0000692,IX0000,old
ID0000692,IX0001,old
ID0000692,IX0002,old
ID0000693,IX0000,old
ID0000693,IX0001,old
ID0000694,IX0000,old
ID0000695,IX0000,old
ID0000695,IX0001,old
ID0000695,IX0002,old
ID0000696,IX0000,old
ID0000696,IX0001,old
ID0000696,IX0002,old
ID0000697,IX0000,old
ID0000698,IX0000,old
ID0000698,IX0001,old
ID0000699,IX0000,old
ID0000699,IX0001,old
ID0000699,IX0002,old
ID0000700,IX0000,old
ID0000700,IX0001,old
ID0000701,IX0000,old
ID0000701,IX0001,old
ID0000702,IX0000,old
ID0000702,IX0001,old
ID0000703,IX0000,old
ID0000703,IX0001,old
ID0000704,IX0000,old
ID0000704,IX0001,old
ID0000705,IX0000,old
ID0000705,IX0001,old
ID0000705,IX0002,old
ID0000706,IX0000,old
ID0000706,IX0001,old
ID0000707,IX0000,old
ID0000707,IX0001,old
ID0000707,IX0002,old
ID0000708,IX0000,old
ID0000708,IX0001,old
ID0000708,IX0002,old
ID0000709,IX0000,old
ID0000709,IX0001,old
ID0000709,IX0002,old
ID0000710,IX0000,old
ID0000710,IX0001,old
ID0000710,IX0002,old
ID0000711,IX0000,old
ID0000711,IX0001,old
ID0000711,IX0002,old
ID0000712,IX0000,old
ID0000712,IX0001,old
ID0000713,IX0000,old
ID0000714,IX0000,old
ID0000714,IX0001,old
ID0000715,IX0000,old
ID0000716,IX0000,old
ID0000716,IX0001,old
ID0000717,IX0000,old
ID0000717,IX0001,old
ID0000718,IX0000,old
ID0000718,IX0001,old
ID0000718,IX0002,old
ID0000719,IX0000,old
ID0000719,IX0001,old
ID0000719,IX0002,old
ID0000720,IX0000,old
ID0000720,IX0001,old
ID0000721,IX0000,old
ID0000721,IX0001,old
ID0000722,IX0000,old
ID0000722,IX0001,old
ID0000723,IX0000,old
ID0000723,IX0001,old
ID0000723,IX0002,old
ID0000724,IX0000,old
ID0000724,IX0001,old
ID0000724,IX0002,old
ID0000725,IX0000,old
ID0000725,IX0001,old
ID0000726,IX0000,old
ID0000726,IX0001,old
ID0000727,IX0000,old
ID0000728,IX0000,old
ID0000728,IX0001,old
ID0000728,IX0002,old
ID0000729,IX0000,old
ID0000730,IX0000,old
ID0000731,IX0000,old
ID0000731,IX0001,old
ID0000732,IX0000,old
ID0000733,IX0000,old
ID0000734,IX0000,old
ID0000735,IX0000,old
ID0000735,IX0001,old
ID0000735,IX0002,old
ID0000736,IX0000,old
ID0000736,IX0001,old
ID0000737,IX0000,old
ID0000738,IX0000,old
ID0000738,IX0001,old
ID0000738,IX0002,old
ID0000739,IX0000,old
ID0000739,IX0001,old
ID0000740,IX0000,old
ID0000740,IX0001,old
ID0000741,IX0000,old
ID0000741,IX0001,old
ID0000741,IX0002,old
ID0000742,IX0000,old
ID0000742,IX0001,old
ID0000743,IX0000,old
ID0000743,IX0001,old
ID0000744,IX0000,old
ID0000744,IX0001,old
ID0000744,IX0002,old
ID0000745,IX0000,old
ID0000745,IX0001,old
ID0000745,IX0002,old
ID0000746,IX0000,old
ID0000747,IX0000,old
ID0000748,IX0000,old
ID0000749,IX0000,old
ID0000749,IX0001,old
ID0000749,IX0002,old
ID0000750,IX0000,old
ID0000750,IX0001,old
ID0000751,IX0000,old
ID0000751,IX0001,old
ID0000751,IX0002,old
ID0000752,IX0000,old
ID0000752,IX0001,old
ID0000753,IX0000,old
ID0000754,IX0000,old
ID0000754,IX0001,old
ID0000755,IX0000,old
ID0000755,IX0001,old
ID0000755,IX0002,old
ID0000756,IX0000,old
ID0000756,IX0001,old
ID0000757,IX0000,old
ID0000758,IX0000,old
ID0000758,IX0001,old
ID0000759,IX0000,old
ID0000759,IX0001,old
ID0000760,IX0000,old
ID0000760,IX0001,old
ID0000760,IX0002,old
ID0000761,IX0000,old
ID0000761,IX0001,old
ID0000762,IX0000,old
ID0000762,IX0001,old
ID0000762,IX0002,old
ID0000763,IX0000,old
ID0000763,IX0001,old
ID0000763,IX0002,old
ID0000764,IX0000,old
ID0000764,IX0001,old
ID0000764,IX0002,old
ID0000765,IX0000,old
ID0000765,IX0001,old
ID0000766,IX0000,old
ID0000767,IX0000,old
ID0000767,IX0001,old
ID0000768,IX0000,old
ID0000768,IX0001,old
ID0000769,IX0000,old
ID0000769,IX0001,old
ID0000770,IX0000,old
ID0000770,IX0001,old
ID0000770,IX0002,old
ID0000771,IX0000,old
ID0000772,IX0000,old
ID0000772,IX0001,old
ID0000773,IX0000,old
ID0000773,IX0001,old
ID0000773,IX0002,old
ID0000774,IX0000,old
ID0000775,IX0000,old
ID0000775,IX0001,old
ID0000776,IX0000,old
ID0000776,IX0001,old
ID0000776,IX0002,old
ID0000777,IX0000,old
ID0000777,IX0001,old
ID0000777,IX0002,old
ID0000778,IX0000,old
ID0000779,IX0000,old
ID0000780,IX0000,old
ID0000780,IX0001,old
ID0000780,IX0002,old
ID0000781,IX0000,old
ID0000782,IX0000,old
ID0000782,IX0001,old
ID0000783,IX0000,old
ID0000784,IX0000,old
ID0000785,IX0000,old
ID0000785,IX0001,old
ID0000785,IX0002,old
ID0000786,IX0000,old
ID0000786,IX0001,old
ID0000786,IX0002,old
ID0000787,IX0000,old
ID0000787,IX0001,old
ID0000788,IX0000,old
ID0000788,IX0001,old
ID0000788,IX0002,old
ID0000789,IX0000,old
ID0000789,IX0001,old
ID0000789,IX0002,old
ID0000790,IX0000,old
ID0000791,IX0000,old
ID0000791,IX0001,old
ID0000792,IX0000,old
ID0000793,IX0000,old
ID0000793,IX0001,old
ID0000794,IX0000,old
ID0000795,IX0000,old
ID0000795,IX0001,old
ID0000796,IX0000,old
ID0000796,IX0001,old
ID0000796,IX0002,old
ID0000797,IX0000,old
ID0000798,IX0000,old
ID0000798,IX0001,old
ID0000798,IX0002,old
ID0000799,IX0000,old
ID0000799,IX0001,old
ID0000799,IX0002,old
ID0000800,IX0000,old
ID0000801,IX0000,old
ID0000801,IX0001,old
ID0000802,IX0000,old
ID0000802,IX0001,old
ID0000803,IX0000,old
ID0000803,IX0001,old
ID0000803,IX0002,old
ID0000804,IX0000,old
ID0000804,IX0001,old
ID0000805,IX0000,old
ID0000805,IX0001,old
ID0000805,IX0002,old
ID0000806,IX0000,old
ID0000807,IX0000,old
ID0000808,IX0000,old
ID0000808,IX0001,old
ID0000809,IX0000,old
ID0000810,IX0000,old
ID0000810,IX0001,old
ID0000810,IX0002,old
ID0000811,IX0000,old
ID0000811,IX0001,old
ID0000812,IX0000,old
ID0000813,IX0000,old
ID0000813,IX0001,old
ID0000814,IX0000,old
ID0000815,IX0000,old
ID0000815,IX0001,old
ID0000815,IX0002,old
ID0000816,IX0000,old
ID0000816,IX0001,old
ID0000816,IX0002,old
ID0000817,IX0000,old
ID0000817,IX0001,old
ID0000817,IX0002,old
ID0000818,IX0000,old
ID0000819,IX0000,old
ID0000819,IX0001,old
ID0000820,IX0000,old
ID0000820,IX0001,old
ID0000820,IX0002,old
ID0000821,IX0000,old
ID0000821,IX0001,old
ID0000821,IX0002,old
ID0000822,IX0000,old
ID0000823,IX0000,old
ID0000824,IX0000,old
ID0000824,IX0001,old
ID0000825,IX0000,old
ID0000826,IX0000,old
ID0000827,IX0000,old
ID0000827,IX0001,old
ID0000828,IX0000,old
ID0000828,IX0001,old
ID0000829,IX0000,old
ID0000829,IX0001,old
ID0000830,IX0000,old
ID0000830,IX0001,old
ID0000830,IX0002,old
ID0000831,IX0000,old
ID0000831,IX0001,old
ID0000831,IX0002,old
ID0000832,IX0000,old
ID0000832,IX0001,old
ID0000832,IX0002,old
ID0000833,IX0000,old
ID0000834,IX0000,old
ID0000834,IX0001,old
ID0000835,IX0000,old
ID0000835,IX0001,old
ID0000835,IX0002,old
ID0000836,IX0000,old
ID0000837,IX0000,old
ID0000837,IX0001,old
ID0000838,IX0000,old
ID0000838,IX0001,old
ID0000839,IX0000,old
ID0000840,IX0000,old
ID0000841,IX0000,old
ID0000841,IX0001,old
ID0000842,IX0000,old
ID0000843,IX0000,old
ID0000844,IX0000,old
ID0000845,IX0000,old
ID0000845,IX0001,old
ID0000845,IX0002,old
ID0000846,IX0000,old
ID0000846,IX0001,old
ID0000846,IX0002,old
ID0000847,IX0000,old
ID0000847,IX0001,old
ID0000847,IX0002,old
ID0000848,IX0000,old
ID0000848,IX0001,old
ID0000848,IX0002,old
ID0000849,IX0000,old
ID0000850,IX0000,old
ID0000851,IX0000,old
ID0000851,IX0001,old
ID0000852,IX0000,old
ID0000852,IX0001,old
ID0000852,IX0002,old
ID0000853,IX0000,old
ID0000853,IX0001,old
ID0000853,IX0002,old
ID0000854,IX0000,old
ID0000854,IX0001,old
ID0000855,IX0000,old
ID0000855,IX0001,old
ID0000855,IX0002,old
ID0000856,IX0000,old
ID0000857,IX0000,old
ID0000857,IX0001,old
ID0000858,IX0000,old
ID0000859,IX0000,old
ID0000860,IX0000,old
ID0000860,IX0001,old
ID0000861,IX0000,old
ID0000861,IX0001,old
ID0000861,IX0002,old
ID0000862,IX0000,old
ID0000862,IX0001,old
ID0000863,IX0000,old
ID0000863,IX0001,old
ID0000864,IX0000,old
ID0000864,IX0001,old
ID0000865,IX0000,old
ID0000865,IX0001,old
ID0000866,IX0000,old
ID0000866,IX0001,old
ID0000866,IX0002,old
ID0000867,IX0000,old
ID0000867,IX0001,old
ID0000868,IX0000,old
ID0000868,IX0001,old
ID0000869,IX0000,old
ID0000870,IX0000,old
ID0000870,IX0001,old
ID0000871,IX0000,old
ID0000871,IX0001,old
ID0000872,IX0000,old
ID0000872,IX0001,old
ID0000873,IX0000,old
ID0000873,IX0001,old
ID0000874,IX0000,old
ID0000874,IX0001,old
ID0000875,IX0000,old
ID0000875,IX0001,old
ID0000876,IX0000,old
ID0000876,IX0001,old
ID0000876,IX0002,old
ID0000877,IX0000,old
ID0000878,IX0000,old
ID0000879,IX0000,old
ID0000879,IX0001,old
ID0000879,IX0002,old
ID0000880,IX0000,old
ID0000881,IX0000,old
ID0000882,IX0000,old
ID0000882,IX0001,old
ID0000883,IX0000,old
ID0000883,IX0001,old
ID0000883,IX0002,old
ID0000884,IX0000,old
ID0000885,IX0000,old
ID0000885,IX0001,old
ID0000886,IX0000,old
ID0000886,IX0001,old
ID0000887,IX0000,old
ID0000888,IX0000,old
ID0000888,IX0001,old
ID0000888,IX0002,old
ID0000889,IX0000,old
ID0000890,IX0000,old
ID0000890,IX0001,old
ID0000891,IX0000,old
ID0000891,IX0001,old
ID0000891,IX0002,old
ID0000892,IX0000,old
ID0000892,IX0001,old
ID0000893,IX0000,old
ID0000893,IX0001,old
ID0000894,IX0000,old
ID0000894,IX0001,old
ID0000895,IX0000,old
ID0000895,IX0001,old
ID0000896,IX0000,old
ID0000896,IX0001,old
ID0000897,IX0000,old
ID0000897,IX0001,old
ID0000897,IX0002,old
ID0000898,IX0000,old
ID0000898,IX0001,old
ID0000899,IX0000,old
ID0000900,IX0000,old
ID0000900,IX0001,old
ID0000901,IX0000,old
ID0000901,IX0001,old
ID0000902,IX0000,old
ID0000902,IX0001,old
ID0000903,IX0000,old
ID0000903,IX0001,old
ID0000903,IX0002,old
ID0000904,IX0000,old
ID0000904,IX0001,old
ID0000904,IX0002,old
ID0000905,IX0000,old
ID0000906,IX0000,old
ID0000907,IX0000,old
ID0000907,IX0001,old
ID0000907,IX0002,old
ID0000908,IX0000,old
ID0000908,IX0001,old
ID0000909,IX0000,old
ID0000909,IX0001,old
ID0000910,IX0000,old
ID0000910,IX0001,old
ID0000910,IX0002,old
ID0000911,IX0000,old
ID0000911,IX0001,old
ID0000912,IX0000,old
ID0000913,IX0000,old
ID0000913,IX0001,old
ID0000913,IX0002,old
ID0000914,IX0000,old
ID0000914,IX0001,old
ID0000914,IX0002,old
ID0000915,IX0000,old
ID0000916,IX0000,old
ID0000916,IX0001,old
ID0000917,IX0000,old
ID0000917,IX0001,old
ID0000917,IX0002,old
ID0000918,IX0000,old
ID0000919,IX0000,old
ID0000919,IX0001,old
ID0000919,IX0002,old
ID0000920,IX0000,old
ID0000920,IX0001,old
ID0000921,IX0000,old
ID0000921,IX0001,old
ID0000921,IX0002,old
ID0000922,IX0000,old
ID0000922,IX0001,old
ID0000923,IX0000,old
ID0000923,IX0001,old
ID0000924,IX0000,old
ID0000924,IX0001,old
ID0000925,IX0000,old
ID0000926,IX0000,old
ID0000926,IX0001,old
ID0000926,IX0002,old
ID0000927,IX0000,old
ID0000928,IX0000,old
ID0000929,IX0000,old
ID0000929,IX0001,old
ID0000930,IX0000,old
ID0000930,IX0001,old
ID0000931,IX0000,old
ID0000931,IX0001,old
ID0000932,IX0000,old
ID0000932,IX0001,old
ID0000933,IX0000,old
ID0000933,IX0001,old
ID0000934,IX0000,old
ID0000935,IX0000,old
ID0000935,IX0001,old
ID0000936,IX0000,old
ID0000936,IX0001,old
ID0000937,IX0000,old
ID0000937,IX0001,old
ID0000938,IX0000,old
ID0000938,IX0001,old
ID0000938,IX0002,old
ID0000939,IX0000,old
ID0000940,IX0000,old
ID0000940,IX0001,old
ID0000940,IX0002,old
ID0000941,IX0000,old
ID0000942,IX0000,old
ID0000943,IX0000,old
ID0000943,IX0001,old
ID0000944,IX0000,old
ID0000944,IX0001,old
ID0000945,IX0000,old
ID0000946,IX0000,old
ID0000946,IX0001,old
ID0000947,IX0000,old
ID0000947,IX0001,old
ID0000947,IX0002,old
ID0000948,IX0000,old
ID0000948,IX0001,old
ID0000949,IX0000,old
ID0000949,IX0001,old
ID0000949,IX0002,old
ID0000950,IX0000,old
ID0000950,IX0001,old
ID0000951,IX0000,old
ID0000952,IX0000,old
ID0000952,IX0001,old
ID0000952,IX0002,old
ID0000953,IX0000,old
ID0000953,IX0001,old
ID0000954,IX0000,old
ID0000954,IX0001,old
ID0000954,IX0002,old
ID0000955,IX0000,old
ID0000955,IX0001,old
ID0000955,IX0002,old
ID0000956,IX0000,old
ID0000957,IX0000,old
ID0000957,IX0001,old
ID0000957,IX0002,old
ID0000958,IX0000,old
ID0000958,IX0001,old
ID0000958,IX0002,old
ID0000959,IX0000,old
ID0000959,IX0001,old
ID0000959,IX0002,old
ID0000960,IX0000,old
ID0000960,IX0001,old
ID0000961,IX0000,old
ID0000961,IX0001,old
ID0000962,IX0000,old
ID0000963,IX0000,old
ID0000964,IX0000,old
ID0000964,IX0001,old
ID0000964,IX0002,old
ID0000965,IX0000,old
ID0000966,IX0000,old
ID0000966,IX0001,old
ID0000966,IX0002,old
ID0000967,IX0000,old
ID0000967,IX0001,old
ID0000967,IX0002,old
ID0000968,IX0000,old
ID0000968,IX0001,old
ID0000968,IX0002,old
ID0000969,IX0000,old
ID0000969,IX0001,old
ID0000969,IX0002,old
ID0000970,IX0000,old
ID0000970,IX0001,old
ID0000971,IX0000,old
ID0000971,IX0001,old
ID0000971,IX0002,old
ID0000972,IX0000,old
ID0000973,IX0000,old
ID0000973,IX0001,old
ID0000974,IX0000,old
ID0000974,IX0001,old
ID0000974,IX0002,old
ID0000975,IX0000,old
ID0000976,IX0000,old
ID0000976,IX0001,old
ID0000977,IX0000,old
ID0000977,IX0001,old
ID0000977,IX0002,old
ID0000978,IX0000,old
ID0000978,IX0001,old
ID0000979,IX0000,old
ID0000979,IX0001,old
ID0000980,IX0000,old
ID0000980,IX0001,old
ID0000980,IX0002,old
ID0000981,IX0000,old
ID0000981,IX0001,old
ID0000982,IX0000,old
ID0000982,IX0001,old
ID0000983,IX0000,old
ID0000984,IX0000,old
ID0000984,IX0001,old
ID0000984,IX0002,old
ID0000985,IX0000,old
ID0000986,IX0000,old
ID0000986,IX0001,old
ID0000986,IX0002,old
ID0000987,IX0000,old
ID0000987,IX0001,old
ID0000987,IX0002,old
ID0000988,IX0000,old
ID0000988,IX0001,old
ID0000988,IX0002,old
ID0000989,IX0000,old
ID0000990,IX0000,old
ID0000991,IX0000,old
ID0000991,IX0001,old
ID0000992,IX0000,old
ID0000993,IX0000,old
ID0000993,IX0001,old
ID0000993,IX0002,old
ID0000994,IX0000,old
ID0000995,IX0000,old
ID0000995,IX0001,old
ID0000995,IX0002,old
ID0000996,IX0000,old
ID0000996,IX0001,old
ID0000997,IX0000,old
ID0000997,IX0001,old
ID0000997,IX0002,old
ID0000998,IX0000,old
ID0000999,IX0000,old
ID0000999,IX0001,old